chin_angle_1,chin_angle_2,cheek_bone_angle,ratio_1,ratio_2,ratio_3,ratio_4,ratio_5,ratio_6,ratio_7,ratio_8,ratio_9,face_shape
71.75,60.78,56.56,-3.0917,2.953,-0.8984,0.6695,3.217,-0.2918,2.1539,-0.6286,-0.9388,Heart_face_shape
66.85,53.26,71.49,-3.0961,2.684,-0.8825,0.8301,2.4382,-0.3979,2.0238,-0.8052,-0.9701,Heart_face_shape
67.23,54.94,75.94,-1.9072,3.3252,-0.8376,0.6419,2.065,-0.5405,1.3255,-0.7163,-1.116,Heart_face_shape
69.23,53.34,78.24,-1.3617,5.0096,-0.6153,0.683,2.9011,-0.2627,1.9815,-0.5205,-0.7621,Heart_face_shape
67.81,55.99,73.96,-2.4536,3.2102,-0.8103,0.6357,2.0393,-0.5606,1.2964,-0.7267,-1.1431,Heart_face_shape
67.98,54.45,65.33,-2.5403,2.9833,-0.8477,0.894,3.5839,-0.2113,3.2042,-0.677,-0.7573,Heart_face_shape
61.07,46.9,67.93,-2.5959,3.1238,-0.7849,0.7777,2.9746,-0.3034,2.3133,-0.7019,-0.9025,Heart_face_shape
74.08,62.75,78.84,-1.7028,3.8766,-0.7329,0.6045,2.4701,-0.3907,1.4933,-0.5835,-0.9652,Heart_face_shape
58.97,47.38,65.62,-2.1173,3.1115,-0.8889,0.7809,2.4179,-0.3849,1.8882,-0.7268,-0.9307,Heart_face_shape
72.21,59.31,65.49,-2.4912,3.0783,-0.8825,0.811,2.9104,-0.2796,2.3603,-0.66,-0.8138,Heart_face_shape
66.22,53.58,80.83,-1.7673,4.275,-0.6246,0.6242,2.8139,-0.3052,1.7563,-0.536,-0.8588,Heart_face_shape
68.09,53.36,71.42,-1.716,3.9758,-0.7354,0.5315,2.2886,-0.511,1.2163,-0.6215,-1.1694,Heart_face_shape
64.81,51.82,64.39,-2.7886,2.543,-1.0166,0.8526,2.2511,-0.426,1.9192,-0.8176,-0.959,Heart_face_shape
64.15,51.07,70.53,-2.73,3.148,-0.8013,0.681,2.524,-0.4039,1.7187,-0.6942,-1.0195,Heart_face_shape
71.72,58.18,77.27,-1.7261,3.3767,-0.882,0.601,2.1967,-0.5503,1.3201,-0.7265,-1.2089,Heart_face_shape
63.67,50.74,60.97,-1.9936,3.501,-0.8282,0.6792,3.2753,-0.2702,2.2245,-0.6011,-0.885,Heart_face_shape
66.18,52.93,65.9,-2.7263,2.839,-0.9214,0.7161,2.228,-0.4955,1.5955,-0.7906,-1.104,Heart_face_shape
64.6,51.74,65.81,-3.4221,2.8263,-0.9093,0.7133,2.266,-0.4646,1.6164,-0.7509,-1.0527,Heart_face_shape
64.05,49.76,64.71,-1.456,5.1155,-0.5781,0.6451,4.7379,-0.1502,3.0564,-0.4592,-0.7118,Heart_face_shape
64.76,52.02,63.89,-2.292,3.6873,-0.7644,0.7256,3.6615,-0.2208,2.6567,-0.5867,-0.8085,Heart_face_shape
74.54,61.43,64.91,-3.0779,3.1742,-0.8126,0.8063,3.8128,-0.1966,3.0742,-0.6043,-0.7494,Heart_face_shape
66.83,54.88,63.26,-2.3595,3.3814,-0.8208,0.6132,2.3633,-0.4543,1.4491,-0.6583,-1.0736,Heart_face_shape
64.43,53.83,70.92,-1.5782,4.1543,-0.7444,0.5575,2.8168,-0.3393,1.5703,-0.5327,-0.9556,Heart_face_shape
73.93,61.91,72.39,-2.9786,3.3368,-0.7489,0.7328,2.7902,-0.2885,2.0446,-0.5899,-0.805,Heart_face_shape
62.3,50.67,60.96,-3.0223,3.5356,-0.7272,0.7019,3.4602,-0.231,2.4286,-0.5609,-0.7992,Heart_face_shape
62.03,48.03,71.18,-2.1984,3.6266,-0.7322,0.6363,2.5093,-0.4151,1.5966,-0.6627,-1.0416,Heart_face_shape
70.63,57.26,71.14,-2.2867,3.1972,-0.8549,0.6948,2.3321,-0.4495,1.6203,-0.7284,-1.0483,Heart_face_shape
62.1,49.16,71.72,-2.1143,3.2331,-0.8187,0.7245,2.6209,-0.377,1.8988,-0.7159,-0.9881,Heart_face_shape
63.24,49.93,65.81,-2.4989,2.8145,-0.924,0.7837,2.1702,-0.488,1.7008,-0.83,-1.0591,Heart_face_shape
68.81,56.35,61.26,-2.5177,3.0817,-0.9158,0.7191,2.5625,-0.3687,1.8427,-0.6795,-0.9449,Heart_face_shape
67.28,53.19,71.68,-2.3141,3.3453,-0.8267,0.7618,2.422,-0.3645,1.8452,-0.6726,-0.8828,Heart_face_shape
63.32,49.86,65.44,-2.8417,3.1228,-0.7799,0.7761,3.0163,-0.2897,2.341,-0.6782,-0.8738,Heart_face_shape
63.37,49.32,70.81,-2.6005,3.0021,-0.8271,0.9178,3.4235,-0.2243,3.1419,-0.7046,-0.7677,Heart_face_shape
71.66,58.19,76.09,-3.2477,2.8084,-0.8843,0.7611,2.1208,-0.493,1.614,-0.7957,-1.0455,Heart_face_shape
63.55,49.65,61.22,-3.6959,2.5502,-0.9302,0.8474,2.7569,-0.3459,2.3363,-0.8081,-0.9536,Heart_face_shape
66.42,51.66,64.06,-3.2573,3.0641,-0.767,0.8478,3.8734,-0.1949,3.2838,-0.6402,-0.7551,Heart_face_shape
64.36,50.71,66.39,-2.4329,2.9907,-0.8757,0.8465,3.2731,-0.2451,2.7708,-0.6791,-0.8022,Heart_face_shape
69.58,55.54,75.43,-2.4196,3.2741,-0.8365,0.6993,2.132,-0.4733,1.4908,-0.7055,-1.009,Heart_face_shape
68.36,54.16,70.48,-1.7581,4.5377,-0.6246,0.6448,3.1268,-0.2604,2.0162,-0.5249,-0.8141,Heart_face_shape
78.15,66.89,70.13,-3.0164,3.3678,-0.7974,0.6898,3.088,-0.2811,2.1302,-0.5988,-0.868,Heart_face_shape
72.48,58.81,69.66,-1.8727,3.3433,-0.9246,0.699,2.2437,-0.4496,1.5683,-0.705,-1.0087,Heart_face_shape
66.16,54.85,68.45,-1.8574,3.1239,-0.9315,0.7635,2.725,-0.3218,2.0805,-0.6695,-0.877,Heart_face_shape
68.33,56.72,76.0,-2.0599,3.1452,-0.8817,0.6356,1.9193,-0.6159,1.22,-0.7513,-1.1821,Heart_face_shape
72.43,57.79,72.02,-2.3529,3.2161,-0.8347,0.7108,2.3226,-0.4454,1.6508,-0.7352,-1.0344,Heart_face_shape
63.54,51.65,72.76,-2.0884,3.6293,-0.7387,0.6967,2.2628,-0.3993,1.5764,-0.6295,-0.9036,Heart_face_shape
65.98,53.62,69.16,-2.4828,3.2163,-0.801,0.6958,2.448,-0.4016,1.7032,-0.684,-0.9831,Heart_face_shape
70.54,57.25,66.15,-2.4221,2.9205,-1.0044,0.6757,2.2532,-0.483,1.5225,-0.7354,-1.0884,Heart_face_shape
66.47,52.66,64.58,-3.1342,3.0333,-0.8479,0.7798,2.5671,-0.3554,2.0019,-0.7114,-0.9122,Heart_face_shape
62.68,52.6,68.96,-2.4493,3.0606,-0.8454,0.6889,1.9666,-0.5396,1.3548,-0.731,-1.0611,Heart_face_shape
68.48,55.02,72.82,-2.8619,3.3136,-0.7717,0.6579,2.5005,-0.4027,1.6451,-0.6625,-1.0069,Heart_face_shape
74.01,61.46,70.81,-3.1008,3.3355,-0.7425,0.6811,2.9411,-0.3007,2.0033,-0.6025,-0.8845,Heart_face_shape
59.44,46.92,57.3,-2.8088,3.2645,-0.7947,0.6524,2.8205,-0.3461,1.8402,-0.6368,-0.9761,Heart_face_shape
62.73,51.94,76.82,-2.3751,3.0823,-0.8488,0.6499,1.9649,-0.5876,1.277,-0.7504,-1.1546,Heart_face_shape
63.71,52.66,70.11,-1.7814,3.7534,-0.7689,0.6173,2.5,-0.3861,1.5432,-0.5959,-0.9653,Heart_face_shape
69.15,57.72,69.96,-2.199,3.0213,-0.9757,0.7672,2.1372,-0.4419,1.6397,-0.7247,-0.9446,Heart_face_shape
65.1,53.36,66.58,-2.562,2.8007,-0.9615,0.7236,2.1053,-0.5151,1.5233,-0.7847,-1.0844,Heart_face_shape
71.83,57.69,71.12,-2.1033,3.7713,-0.7238,0.6938,2.8186,-0.3124,1.9555,-0.6109,-0.8805,Heart_face_shape
66.97,51.89,79.94,-1.6045,4.5934,-0.6036,0.6803,2.9007,-0.2787,1.9734,-0.5499,-0.8083,Heart_face_shape
66.6,50.25,77.37,-3.8666,2.9146,-0.7814,0.8361,2.9863,-0.3038,2.4968,-0.7585,-0.9071,Heart_face_shape
58.98,46.09,70.11,-2.4258,3.2467,-0.7754,0.796,3.4757,-0.2296,2.7668,-0.6354,-0.7982,Heart_face_shape
59.53,46.22,65.35,-1.6419,3.963,-0.7094,0.6432,3.3525,-0.2597,2.1564,-0.5599,-0.8705,Heart_face_shape
67.17,54.22,71.54,-1.8843,3.2869,-0.9575,0.6058,1.8927,-0.6467,1.1466,-0.7415,-1.224,Heart_face_shape
68.2,54.81,73.98,-2.0787,3.5734,-0.8099,0.7478,2.3491,-0.3725,1.7568,-0.6544,-0.8751,Heart_face_shape
59.97,47.67,63.91,-1.7366,3.3176,-0.9491,0.6732,2.5268,-0.3986,1.7011,-0.6782,-1.0073,Heart_face_shape
61.65,45.74,65.05,-2.5159,3.3776,-0.7525,0.7792,3.2817,-0.2596,2.5571,-0.6639,-0.8521,Heart_face_shape
67.78,53.78,66.77,-3.5228,2.3923,-0.9672,0.9008,2.6805,-0.3442,2.4145,-0.8311,-0.9227,Heart_face_shape
64.54,53.67,65.46,-2.1441,3.2507,-0.8622,0.6546,2.4424,-0.4157,1.5988,-0.6647,-1.0154,Heart_face_shape
61.23,49.14,62.97,-2.4224,2.5826,-1.004,0.801,2.215,-0.4833,1.7742,-0.8575,-1.0706,Heart_face_shape
63.9,49.44,68.67,-2.3093,3.8815,-0.6701,0.6238,2.9796,-0.3089,1.8586,-0.5742,-0.9206,Heart_face_shape
75.79,63.76,78.33,-1.8402,3.6255,-0.7814,0.6493,2.4965,-0.3865,1.6209,-0.6265,-0.9649,Heart_face_shape
67.71,55.95,75.36,-2.2554,3.1854,-0.8551,0.6071,2.0979,-0.5833,1.2737,-0.743,-1.2238,Heart_face_shape
73.34,61.46,72.58,-2.9645,3.0616,-0.9191,0.6628,2.2312,-0.4591,1.4789,-0.6789,-1.0242,Heart_face_shape
65.35,52.5,70.95,-2.7201,3.2432,-0.7654,0.7431,2.2846,-0.4052,1.6978,-0.6879,-0.9256,Heart_face_shape
64.49,51.07,70.06,-2.6433,2.9217,-0.8658,0.7707,2.6667,-0.3543,2.0552,-0.7282,-0.9449,Heart_face_shape
77.15,63.59,72.8,-2.1465,2.9277,-1.06,0.7422,2.2744,-0.4365,1.6879,-0.7368,-0.9928,Heart_face_shape
70.93,59.5,74.26,-2.3342,3.0698,-0.9086,0.7324,2.2957,-0.4167,1.6815,-0.7007,-0.9567,Heart_face_shape
59.44,46.92,57.3,-2.8088,3.2645,-0.7947,0.6524,2.8205,-0.3461,1.8402,-0.6368,-0.9761,Heart_face_shape
67.17,54.51,73.02,-1.4275,4.9392,-0.603,0.5425,2.8005,-0.3124,1.5192,-0.4746,-0.8749,Heart_face_shape
76.28,62.0,69.25,-2.2143,3.1817,-0.9019,0.6891,2.3158,-0.4253,1.5958,-0.6788,-0.985,Heart_face_shape
59.97,46.4,75.35,-1.8778,4.4556,-0.5915,0.6251,2.5991,-0.3368,1.6247,-0.5472,-0.8753,Heart_face_shape
69.25,56.03,71.91,-3.0905,2.867,-0.8526,0.7005,2.4431,-0.4445,1.7115,-0.7607,-1.0859,Heart_face_shape
67.29,53.95,64.12,-2.5383,3.0135,-0.8383,0.794,2.7542,-0.3088,2.1868,-0.6752,-0.8504,Heart_face_shape
65.0,49.45,70.13,-1.4382,4.8165,-0.5751,0.6123,3.3995,-0.2518,2.0815,-0.524,-0.8559,Oblong_face_shape
77.04,62.06,69.53,-1.4959,4.4555,-0.7058,0.6694,3.5133,-0.2168,2.3517,-0.5099,-0.7617,Oblong_face_shape
70.54,56.01,68.76,-1.3001,5.4071,-0.5739,0.5405,3.104,-0.2683,1.6779,-0.4502,-0.8328,Oblong_face_shape
70.26,56.93,71.94,-2.376,3.3271,-0.7965,0.7419,2.7009,-0.3243,2.0037,-0.6497,-0.8758,Oblong_face_shape
59.35,46.41,67.52,-1.6453,4.3236,-0.622,0.7249,3.5964,-0.2043,2.607,-0.5325,-0.7346,Oblong_face_shape
63.98,50.1,72.69,-1.5224,4.3529,-0.6596,0.5971,2.3282,-0.4243,1.3902,-0.5898,-0.9878,Oblong_face_shape
56.46,42.39,66.21,-2.264,3.7032,-0.6791,0.8292,4.4739,-0.1598,3.7097,-0.5928,-0.7149,Oblong_face_shape
64.04,50.4,76.34,-1.6378,4.3794,-0.6435,0.6862,3.2012,-0.2459,2.1967,-0.5402,-0.7873,Oblong_face_shape
69.52,54.77,80.2,-0.9913,6.4523,-0.472,0.5203,3.146,-0.2509,1.6367,-0.4106,-0.7892,Oblong_face_shape
50.88,36.41,55.62,-2.4916,4.2001,-0.5945,0.6974,5.5014,-0.1318,3.8367,-0.5056,-0.7249,Oblong_face_shape
80.23,66.87,67.81,-1.5963,4.4737,-0.7655,0.521,2.515,-0.3881,1.3104,-0.5085,-0.976,Oblong_face_shape
69.42,54.98,76.85,-1.4756,5.1501,-0.5404,0.6051,3.4962,-0.2279,2.1155,-0.4821,-0.7967,Oblong_face_shape
69.44,54.98,67.32,-1.2463,5.1584,-0.6039,0.5311,3.0873,-0.2937,1.6397,-0.4815,-0.9066,Oblong_face_shape
73.33,58.21,75.9,-1.4934,4.7146,-0.6173,0.6165,3.1155,-0.2688,1.9206,-0.5162,-0.8373,Oblong_face_shape
57.64,39.64,73.95,-2.2392,3.2898,-0.747,0.6648,2.0587,-0.6133,1.3687,-0.8395,-1.2627,Oblong_face_shape
71.15,58.13,67.59,-1.0544,5.8965,-0.5397,0.4889,3.4776,-0.2394,1.7001,-0.4069,-0.8324,Oblong_face_shape
67.83,53.89,66.15,-1.0986,5.425,-0.6348,0.6251,4.6336,-0.1522,2.8964,-0.441,-0.7055,Oblong_face_shape
65.34,49.73,76.01,-1.2003,5.933,-0.4761,0.446,3.1831,-0.3237,1.4195,-0.4595,-1.0303,Oblong_face_shape
64.23,49.69,75.76,-1.8626,3.3368,-0.8671,0.6522,1.9349,-0.6576,1.262,-0.8299,-1.2724,Oblong_face_shape
61.47,46.66,70.87,-2.4199,3.8476,-0.6889,0.7026,2.6173,-0.3425,1.839,-0.6298,-0.8963,Oblong_face_shape
72.5,59.66,77.03,-1.1156,4.8515,-0.7042,0.4347,2.0828,-0.6078,0.9054,-0.5503,-1.266,Oblong_face_shape
65.24,50.85,63.79,-1.8248,3.7156,-0.7956,0.8377,3.379,-0.208,2.8305,-0.5887,-0.7028,Oblong_face_shape
66.8,52.77,65.01,-2.313,3.4706,-0.7998,0.7875,3.3224,-0.2297,2.6165,-0.6011,-0.7632,Oblong_face_shape
59.52,46.65,60.6,-2.5568,3.3847,-0.768,0.7954,3.7291,-0.2084,2.9661,-0.6181,-0.7771,Oblong_face_shape
62.47,47.88,65.72,-1.8352,3.958,-0.6784,0.8059,3.7715,-0.1953,3.0394,-0.5937,-0.7367,Oblong_face_shape
73.87,60.41,65.07,-2.0998,3.9725,-0.7136,0.756,4.325,-0.1595,3.2695,-0.5214,-0.6897,Oblong_face_shape
67.76,53.32,67.28,-1.1185,5.5645,-0.5718,0.5044,3.0532,-0.2919,1.5402,-0.4496,-0.8912,Oblong_face_shape
75.41,61.26,66.3,-1.3311,5.1786,-0.6315,0.6338,15.8212,-0.0399,10.0273,-0.4004,-0.6317,Oblong_face_shape
46.01,33.68,57.05,-1.9395,3.4464,-0.7375,0.7509,3.605,-0.236,2.7068,-0.6388,-0.8507,Oblong_face_shape
61.74,46.41,66.08,-2.2356,3.3994,-0.7787,0.6929,2.4271,-0.4278,1.6818,-0.7195,-1.0384,Oblong_face_shape
67.01,52.63,65.39,-2.3941,3.491,-0.7668,0.7459,2.9315,-0.2899,2.1865,-0.634,-0.85,Oblong_face_shape
69.62,54.2,66.8,-1.5778,4.8031,-0.5914,0.6888,4.3264,-0.1595,2.9799,-0.4752,-0.6899,Oblong_face_shape
64.1,49.94,73.1,-1.7331,4.29,-0.6513,0.6431,3.141,-0.2746,2.02,-0.5546,-0.8624,Oblong_face_shape
62.8,45.04,78.47,-2.9483,3.5515,-0.6832,0.6742,2.2192,-0.4922,1.4961,-0.7364,-1.0923,Oblong_face_shape
74.33,63.29,67.36,-1.6842,3.7527,-0.8354,0.6422,3.0079,-0.2902,1.9318,-0.5605,-0.8728,Oblong_face_shape
74.68,60.51,89.95,-2.3724,3.3379,-0.8008,0.6699,1.9463,-0.614,1.3038,-0.8005,-1.195,Oblong_face_shape
73.77,59.17,79.3,-2.8801,3.3131,-0.7503,0.8089,2.8885,-0.292,2.3365,-0.6822,-0.8433,Oblong_face_shape
67.39,53.21,69.91,-2.0593,2.7469,-1.0533,0.746,1.8533,-0.6559,1.3826,-0.9068,-1.2155,Oblong_face_shape
69.65,54.93,70.82,-1.8332,4.4825,-0.6145,0.7117,3.6831,-0.1938,2.6214,-0.5081,-0.7138,Oblong_face_shape
62.65,48.08,64.61,-2.1248,3.9014,-0.7129,0.6567,3.0484,-0.2942,2.0019,-0.5889,-0.8967,Oblong_face_shape
68.31,55.19,68.76,-1.5545,3.9622,-0.7605,0.6861,2.7307,-0.3112,1.8735,-0.583,-0.8497,Oblong_face_shape
71.68,57.5,68.16,-1.5692,4.5187,-0.6858,0.6688,3.6588,-0.2072,2.4471,-0.507,-0.758,Oblong_face_shape
71.11,56.21,79.84,-1.7011,4.603,-0.5998,0.5186,2.0264,-0.5904,1.0508,-0.6204,-1.1963,Oblong_face_shape
74.17,58.27,72.9,-1.1666,5.2655,-0.611,0.6086,3.3958,-0.2401,2.0667,-0.4961,-0.8152,Oblong_face_shape
58.2,43.85,56.72,-2.8523,3.532,-0.7103,0.8172,5.1145,-0.1386,4.1794,-0.5793,-0.7089,Oblong_face_shape
69.09,53.82,71.3,-2.1129,4.1399,-0.6241,0.9409,8.221,-0.0664,7.7352,-0.5133,-0.5456,Oblong_face_shape
74.52,60.19,72.94,-1.3877,4.7562,-0.6895,0.667,3.7411,-0.1954,2.4955,-0.4877,-0.7311,Oblong_face_shape
71.29,58.32,72.38,-1.146,5.6388,-0.5585,0.4681,2.7604,-0.3461,1.292,-0.4472,-0.9555,Oblong_face_shape
65.57,51.99,60.98,-1.8948,3.3082,-0.93,0.6967,2.3674,-0.4275,1.6493,-0.7052,-1.0122,Oblong_face_shape
59.86,43.99,54.77,-2.2997,3.6733,-0.7205,0.6571,5.4216,-0.1554,3.5626,-0.5537,-0.8426,Oblong_face_shape
70.56,53.13,67.49,-1.3238,5.1177,-0.578,0.6073,3.7002,-0.2175,2.2472,-0.4888,-0.8048,Oblong_face_shape
56.94,42.96,60.13,-1.5742,4.0977,-0.7135,0.6405,3.1949,-0.2859,2.0462,-0.585,-0.9134,Oblong_face_shape
65.61,49.27,63.91,-2.9122,3.5616,-0.6826,0.9693,10.8337,-0.0548,10.5011,-0.5757,-0.5939,Oblong_face_shape
77.21,64.15,75.7,-1.3244,4.2108,-0.8471,0.4856,2.0349,-0.6505,0.9881,-0.6428,-1.3237,Oblong_face_shape
70.6,58.11,75.86,-1.3556,4.6599,-0.662,0.6336,3.1354,-0.2497,1.9865,-0.4959,-0.7828,Oblong_face_shape
75.21,59.92,70.31,-1.5846,4.2455,-0.7316,0.8608,5.8501,-0.1063,5.0356,-0.5353,-0.6218,Oblong_face_shape
70.57,56.86,65.63,-1.613,4.3922,-0.6681,0.6658,3.4139,-0.2257,2.273,-0.513,-0.7706,Oblong_face_shape
61.75,48.82,56.01,-2.1703,2.9274,-0.9806,0.7094,2.7987,-0.3685,1.9854,-0.7317,-1.0314,Oblong_face_shape
62.45,48.81,60.59,-1.7553,3.4128,-0.8786,0.7829,3.1019,-0.2758,2.4284,-0.6698,-0.8556,Oblong_face_shape
68.07,53.45,80.18,-1.9188,3.4736,-0.797,0.6194,1.9285,-0.6447,1.1945,-0.7701,-1.2433,Oblong_face_shape
66.61,53.51,61.09,-1.9662,4.2334,-0.6949,0.6565,3.466,-0.236,2.2753,-0.5369,-0.8179,Oblong_face_shape
65.54,51.24,70.6,-1.4946,4.5274,-0.6295,0.667,3.3615,-0.2338,2.242,-0.5242,-0.7859,Oblong_face_shape
49.4,35.01,68.69,-1.7165,3.984,-0.6454,0.5921,2.7626,-0.3778,1.6358,-0.618,-1.0437,Oblong_face_shape
74.75,60.28,75.36,-0.9918,6.6008,-0.4915,0.4772,3.0749,-0.2555,1.4672,-0.3748,-0.7855,Oblong_face_shape
70.09,56.76,69.48,-1.8661,3.3127,-0.8834,0.742,2.2727,-0.4225,1.6863,-0.7125,-0.9603,Oblong_face_shape
61.46,48.44,63.99,-2.077,3.2124,-0.8474,0.7499,2.7284,-0.3363,2.046,-0.6881,-0.9176,Oblong_face_shape
70.77,56.02,77.48,-0.8996,6.2428,-0.5327,0.474,2.37,-0.4002,1.1235,-0.4496,-0.9485,Oblong_face_shape
66.6,53.83,73.2,-0.0833,60.1452,-0.0726,0.0662,40.3534,-0.0171,2.6724,-0.0458,-0.6916,Oblong_face_shape
64.85,50.21,81.94,-2.682,3.4735,-0.6909,0.6483,2.2342,-0.5126,1.4486,-0.7425,-1.1452,Oblong_face_shape
73.21,56.6,76.54,-1.5711,4.4031,-0.6844,0.6243,2.3514,-0.391,1.4679,-0.5739,-0.9194,Oblong_face_shape
57.32,43.07,72.84,-1.2038,5.233,-0.576,0.5267,2.4209,-0.4033,1.2751,-0.5143,-0.9764,Oblong_face_shape
71.23,58.08,67.51,-3.0386,2.83,-0.8838,0.8643,2.4516,-0.3493,2.1191,-0.7401,-0.8563,Oblong_face_shape
63.39,49.63,57.19,-2.06,4.0682,-0.6589,0.6346,4.7854,-0.169,3.0369,-0.5132,-0.8087,Oblong_face_shape
67.75,54.68,70.55,-1.6646,4.0718,-0.7332,0.6528,2.7403,-0.3163,1.789,-0.5658,-0.8667,Oblong_face_shape
70.58,55.63,63.34,-2.4817,3.6098,-0.7283,0.7189,3.6179,-0.2225,2.6008,-0.5787,-0.8051,Oblong_face_shape
66.77,53.36,73.94,-1.7281,3.9457,-0.6996,0.7819,3.0105,-0.2527,2.3538,-0.5948,-0.7607,Oblong_face_shape
70.79,56.58,65.27,-1.4182,4.4528,-0.6731,0.677,3.6218,-0.213,2.4519,-0.5222,-0.7713,Oblong_face_shape
71.6,57.43,76.54,-1.8326,4.5293,-0.6315,0.5777,2.9333,-0.311,1.6945,-0.527,-0.9123,Oblong_face_shape
74.6,59.4,87.91,-1.2558,4.8767,-0.6168,0.6046,2.2257,-0.4534,1.3456,-0.6101,-1.0091,Oblong_face_shape
61.17,45.79,61.22,-2.3405,3.1546,-0.8067,1.0797,7.0652,-0.0888,7.6281,-0.6774,-0.6274,Oblong_face_shape
72.77,59.35,75.96,-2.1408,3.9248,-0.7203,0.6235,2.4976,-0.3974,1.5573,-0.6189,-0.9925,Oblong_face_shape
77.61,63.28,72.57,-1.841,4.1665,-0.7119,0.6699,2.5591,-0.3293,1.7145,-0.5645,-0.8426,Oblong_face_shape
58.73,45.51,53.41,-1.7178,3.8208,-0.7544,0.778,4.9929,-0.1364,3.8844,-0.5298,-0.681,Oblong_face_shape
70.98,58.51,67.86,-1.4272,4.3273,-0.75,0.6558,3.2041,-0.2474,2.1012,-0.5199,-0.7927,Oblong_face_shape
57.42,43.08,74.62,-2.242,3.5964,-0.7171,0.6044,2.3056,-0.5028,1.3936,-0.7007,-1.1593,Oblong_face_shape
62.52,48.45,76.93,-1.7522,4.2958,-0.6552,0.768,2.5574,-0.2974,1.964,-0.5841,-0.7605,Oblong_face_shape
70.7,57.71,63.73,-1.3471,4.3768,-0.7329,0.6492,3.7966,-0.2046,2.4647,-0.5043,-0.7768,Oblong_face_shape
74.78,61.35,71.6,-0.7693,7.3648,-0.506,0.3848,3.6294,-0.2387,1.3967,-0.3334,-0.8663,Oblong_face_shape
55.66,40.01,76.8,-1.4836,4.4574,-0.6096,0.5712,2.3688,-0.4673,1.3529,-0.6323,-1.107,Oblong_face_shape
64.06,50.43,77.18,-1.3896,4.5779,-0.6658,0.6423,2.5341,-0.335,1.6275,-0.5453,-0.849,Oblong_face_shape
63.49,50.77,71.72,-1.661,2.9228,-0.9982,0.7515,1.9588,-0.5815,1.4721,-0.856,-1.139,Round_face_shape
70.12,56.23,68.84,-1.969,2.6524,-1.069,0.7621,1.9224,-0.6035,1.4651,-0.8842,-1.1602,Round_face_shape
67.79,52.29,77.04,-1.9266,2.8094,-0.9511,0.6842,1.8744,-0.6831,1.2825,-0.8761,-1.2804,Round_face_shape
67.17,53.97,72.95,-1.578,3.2724,-0.9175,0.6061,1.9642,-0.6483,1.1904,-0.7718,-1.2735,Round_face_shape
66.61,52.17,79.38,-2.2621,2.9531,-0.8994,0.6581,1.8775,-0.7046,1.2356,-0.8706,-1.3229,Round_face_shape
71.51,56.92,80.74,-3.908,1.837,-1.1901,0.914,1.6698,-0.7901,1.5262,-1.2059,-1.3194,Round_face_shape
66.41,52.0,77.94,-3.6961,2.8643,-0.8003,0.6783,1.9121,-0.6648,1.297,-0.8622,-1.2712,Round_face_shape
69.49,58.39,84.29,-3.2537,3.0594,-0.7278,0.6107,1.8541,-0.6859,1.1323,-0.7766,-1.2717,Round_face_shape
74.65,63.1,82.39,-1.829,3.6337,-0.8429,0.5366,1.7131,-0.8574,0.9193,-0.7882,-1.4689,Round_face_shape
57.17,46.67,65.77,-2.9198,2.9018,-0.8324,0.6361,2.0442,-0.6189,1.3004,-0.8049,-1.2653,Round_face_shape
71.13,60.21,71.47,-3.5933,3.1085,-0.8202,0.6188,2.1859,-0.4853,1.3527,-0.6564,-1.0607,Round_face_shape
70.55,57.87,72.37,-3.6519,2.8598,-0.824,0.7226,2.3444,-0.4412,1.6939,-0.7474,-1.0343,Round_face_shape
74.06,63.76,76.01,-1.7997,3.6161,-0.8727,0.581,1.9247,-0.5845,1.1183,-0.6536,-1.1249,Round_face_shape
70.79,59.07,85.05,-3.5305,2.2027,-1.0586,0.6986,1.6583,-0.947,1.1585,-1.097,-1.5704,Round_face_shape
83.23,71.05,76.7,-1.4551,3.8154,-0.9258,0.4953,1.8544,-0.7459,0.9184,-0.685,-1.3831,Round_face_shape
70.81,55.53,94.88,-2.8866,3.9899,-0.6026,0.6238,2.2097,-0.4716,1.3785,-0.6501,-1.042,Round_face_shape
70.46,59.49,81.36,-3.8284,2.2808,-1.018,0.6678,1.8448,-0.7843,1.232,-0.9663,-1.4469,Round_face_shape
68.87,55.74,75.82,-2.1681,3.2696,-0.841,0.6968,2.6707,-0.3818,1.8609,-0.7105,-1.0197,Round_face_shape
71.64,59.13,75.92,-3.6648,2.9547,-0.8171,0.7975,2.5063,-0.3535,1.9989,-0.7066,-0.886,Round_face_shape
76.9,64.15,84.72,-3.2373,2.9326,-0.8434,0.6243,1.8277,-0.7185,1.1409,-0.8197,-1.3132,Round_face_shape
73.21,61.0,97.0,-1.9207,3.6914,-0.727,0.5735,1.7986,-0.7264,1.0316,-0.7493,-1.3065,Round_face_shape
66.18,50.74,78.94,-2.5005,3.0481,-0.8172,0.7402,1.9275,-0.5935,1.4267,-0.8468,-1.1441,Round_face_shape
80.64,69.06,74.65,-2.0068,3.4503,-0.9139,0.6336,2.7585,-0.3494,1.7478,-0.6107,-0.9638,Round_face_shape
70.43,57.14,76.93,-2.4366,3.4372,-0.7174,0.6486,2.3022,-0.4679,1.4933,-0.6987,-1.0771,Round_face_shape
67.17,55.12,82.95,-2.5293,3.3532,-0.727,0.6027,2.0798,-0.6028,1.2536,-0.7557,-1.2538,Round_face_shape
67.48,56.09,76.64,-2.0262,3.1951,-0.8452,0.7323,2.3079,-0.4038,1.6901,-0.6824,-0.9319,Round_face_shape
73.07,61.86,77.56,-2.2645,3.2231,-0.8266,0.6359,2.0803,-0.5033,1.3229,-0.6658,-1.047,Round_face_shape
70.21,56.74,86.03,-2.3202,3.4034,-0.7406,0.5719,1.8902,-0.7191,1.0811,-0.7774,-1.3592,Round_face_shape
69.03,55.86,82.01,-4.8134,2.2883,-0.8947,0.7044,1.8408,-0.7603,1.2966,-0.9857,-1.3995,Round_face_shape
60.41,49.71,80.6,-3.8053,2.921,-0.759,0.6631,1.9514,-0.6234,1.294,-0.8067,-1.2164,Round_face_shape
64.53,51.75,85.67,-3.6543,2.5153,-0.8424,0.6514,1.8203,-0.8332,1.1857,-0.9879,-1.5166,Round_face_shape
63.1,49.5,73.38,-2.8508,2.7104,-0.852,0.7705,2.4672,-0.414,1.9008,-0.7869,-1.0214,Round_face_shape
72.24,60.87,73.18,-2.2042,3.7441,-0.7339,0.6246,2.3053,-0.3905,1.44,-0.5623,-0.9002,Round_face_shape
75.84,64.41,85.66,-3.2014,2.8111,-0.8526,0.7616,2.0648,-0.4981,1.5725,-0.7832,-1.0284,Round_face_shape
74.51,61.16,76.96,-2.755,3.9357,-0.6164,0.6148,2.5998,-0.3604,1.5983,-0.576,-0.9369,Round_face_shape
73.49,61.19,75.02,-2.983,2.6144,-0.9794,0.7168,1.9933,-0.6216,1.4289,-0.8882,-1.239,Round_face_shape
70.38,59.89,81.32,-1.6304,4.5689,-0.606,0.5598,2.9025,-0.3049,1.6247,-0.4954,-0.885,Round_face_shape
64.34,48.29,80.79,-3.583,2.9976,-0.7285,0.8248,2.3039,-0.4155,1.9002,-0.7896,-0.9574,Round_face_shape
69.75,55.87,81.46,-1.9469,3.3294,-0.8557,0.5907,1.8398,-0.759,1.0867,-0.8249,-1.3965,Round_face_shape
69.77,55.04,73.5,-2.4735,3.1529,-0.804,0.7867,2.37,-0.3979,1.8643,-0.7418,-0.943,Round_face_shape
69.23,53.7,77.04,-2.4807,3.6875,-0.6735,0.6285,2.2002,-0.4745,1.3828,-0.6561,-1.044,Round_face_shape
61.22,48.46,76.6,-2.7513,2.9924,-0.8181,0.6251,2.0548,-0.6163,1.2844,-0.7915,-1.2663,Round_face_shape
79.89,67.72,95.78,-4.9945,2.8979,-0.768,0.6282,1.7747,-0.78,1.1149,-0.8696,-1.3843,Round_face_shape
75.02,60.98,65.87,-3.0463,2.8179,-0.9081,0.7337,2.5056,-0.3999,1.8384,-0.7353,-1.0021,Round_face_shape
73.65,61.88,76.15,-3.7823,2.3949,-0.9785,0.7375,2.0199,-0.5972,1.4896,-0.8896,-1.2063,Round_face_shape
66.41,52.0,77.94,-3.6961,2.8643,-0.8003,0.6783,1.9121,-0.6648,1.297,-0.8622,-1.2712,Round_face_shape
64.49,52.78,69.78,-2.3505,3.0462,-0.8753,0.6253,1.9515,-0.5942,1.2203,-0.7251,-1.1596,Round_face_shape
66.43,53.16,72.11,-2.7465,3.0708,-0.7872,0.7236,2.5415,-0.3812,1.839,-0.701,-0.9688,Round_face_shape
56.65,43.35,71.49,-2.1653,4.0048,-0.6478,0.5953,2.2904,-0.4533,1.3635,-0.6181,-1.0383,Round_face_shape
74.51,63.56,75.1,-2.8237,2.9906,-0.8692,0.7401,2.6912,-0.3413,1.9918,-0.6798,-0.9184,Round_face_shape
71.01,58.73,76.68,-4.799,2.5905,-0.8594,0.8227,2.441,-0.3858,2.0081,-0.7747,-0.9417,Round_face_shape
62.59,47.38,75.54,-2.7954,3.0643,-0.7612,0.7466,2.2798,-0.4592,1.7022,-0.7817,-1.047,Round_face_shape
72.62,59.46,74.05,-2.9075,3.0128,-0.8244,0.7221,2.1358,-0.4853,1.5424,-0.7485,-1.0365,Round_face_shape
65.64,52.67,78.34,-3.0796,2.7539,-0.8859,0.7212,2.0188,-0.5799,1.456,-0.8444,-1.1708,Round_face_shape
70.64,56.73,71.27,-3.059,2.8727,-0.9021,0.8083,2.1289,-0.4435,1.7209,-0.7631,-0.9441,Round_face_shape
83.45,72.14,72.16,-2.5602,2.9704,-0.9841,0.6401,2.3317,-0.4646,1.4926,-0.6934,-1.0832,Round_face_shape
66.42,53.76,73.7,-3.2522,2.7919,-0.8487,0.6715,2.0264,-0.5938,1.3607,-0.808,-1.2034,Round_face_shape
69.59,54.8,79.11,-3.2816,2.981,-0.7721,0.6842,2.0628,-0.5687,1.4115,-0.8026,-1.173,Round_face_shape
78.32,65.67,75.57,-2.5706,2.7953,-0.9519,0.6762,2.1421,-0.5636,1.4485,-0.8163,-1.2072,Round_face_shape
66.41,53.04,77.87,-3.9029,2.688,-0.8306,0.7024,1.9459,-0.6356,1.3669,-0.8687,-1.2367,Round_face_shape
72.31,60.32,81.26,-2.6654,2.7014,-1.0054,0.6332,1.6594,-0.9031,1.0507,-0.949,-1.4987,Round_face_shape
69.9,58.35,76.33,-2.7576,3.0906,-0.8307,0.6682,1.9545,-0.5626,1.306,-0.7348,-1.0997,Round_face_shape
67.38,52.98,82.49,-2.2593,3.6268,-0.6997,0.7978,2.4006,-0.3432,1.9153,-0.6573,-0.8238,Round_face_shape
63.8,50.81,71.02,-2.8799,2.8984,-0.8596,0.8176,2.6868,-0.3257,2.1968,-0.7156,-0.8752,Round_face_shape
67.98,53.96,87.83,-2.7258,2.8947,-0.83,0.6533,1.6304,-0.8707,1.0651,-0.9274,-1.4196,Round_face_shape
72.58,59.88,77.88,-3.6393,2.2334,-1.0554,0.8684,2.0959,-0.5073,1.8201,-0.9234,-1.0633,Round_face_shape
73.49,58.5,87.48,-3.9799,2.7261,-0.8425,0.6778,1.8187,-0.7578,1.2327,-0.9342,-1.3783,Round_face_shape
70.61,56.88,64.13,-3.0119,3.3804,-0.7624,0.764,2.7831,-0.2973,2.1264,-0.6322,-0.8274,Round_face_shape
70.08,59.04,73.65,-2.1796,2.9964,-0.9966,0.5965,1.9878,-0.6165,1.1856,-0.7309,-1.2254,Round_face_shape
71.06,57.02,70.75,-2.1022,3.6667,-0.7583,0.6417,2.5387,-0.3589,1.6292,-0.5847,-0.9111,Round_face_shape
63.66,49.24,72.33,-1.3808,3.6216,-0.8491,0.6046,1.9577,-0.6293,1.1837,-0.7449,-1.232,Round_face_shape
72.65,56.82,89.51,-3.6171,2.018,-1.0676,0.842,1.8094,-0.8133,1.5236,-1.2391,-1.4716,Round_face_shape
70.35,56.12,90.7,-2.2925,2.721,-0.9427,0.7461,1.7516,-0.7568,1.3068,-0.989,-1.3255,Round_face_shape
80.06,68.63,74.97,-3.1472,2.2088,-1.143,0.7813,2.0482,-0.6092,1.6002,-0.9749,-1.2478,Round_face_shape
72.47,58.3,74.7,-1.8489,2.7517,-1.0464,0.6904,2.0888,-0.5649,1.4421,-0.8146,-1.1799,Round_face_shape
62.33,47.34,82.05,-3.5216,2.2943,-0.9149,0.855,2.0577,-0.5816,1.7594,-1.0233,-1.1968,Round_face_shape
72.49,57.67,73.81,-3.0075,2.2344,-1.0572,0.7757,2.041,-0.6373,1.5833,-1.0091,-1.3008,Round_face_shape
72.9,58.67,78.3,-2.8075,2.2535,-1.0655,0.8893,1.7868,-0.6475,1.589,-1.0289,-1.1569,Round_face_shape
70.96,58.23,72.8,-3.2118,2.1438,-1.0829,0.859,2.0751,-0.5425,1.7824,-0.967,-1.1258,Round_face_shape
68.36,54.64,81.37,-2.0787,2.7807,-0.9308,0.8018,2.0392,-0.5176,1.635,-0.8463,-1.0555,Round_face_shape
72.64,60.16,77.3,-1.4381,3.2454,-1.0415,0.6132,1.7967,-0.7683,1.1018,-0.8465,-1.3804,Square_face_shape
71.01,57.08,79.88,-1.4538,3.3382,-1.0357,0.7047,1.7544,-0.7145,1.2363,-0.8834,-1.2536,Square_face_shape
63.78,49.81,68.38,-2.4008,2.4077,-1.0627,0.735,1.8372,-0.7458,1.3505,-1.0072,-1.3702,Square_face_shape
67.05,54.25,64.27,-2.3898,2.5307,-1.0003,0.9533,2.9296,-0.2853,2.793,-0.7968,-0.8358,Square_face_shape
69.27,54.12,78.51,-2.1907,2.5624,-1.0365,0.8429,1.765,-0.6724,1.4878,-1.0003,-1.1867,Square_face_shape
66.81,53.26,75.58,-1.6679,2.9362,-1.0244,0.6767,1.8514,-0.6879,1.2529,-0.8619,-1.2736,Square_face_shape
67.75,54.32,73.08,-1.5772,3.1439,-0.9442,0.5802,1.9676,-0.7062,1.1415,-0.8062,-1.3895,Square_face_shape
77.82,64.64,88.6,-3.7023,2.3561,-1.0335,0.6928,1.6708,-0.9427,1.1576,-1.0913,-1.5751,Square_face_shape
67.24,55.49,71.24,-1.876,3.4226,-0.8835,0.6506,2.5952,-0.3769,1.6884,-0.6364,-0.9782,Square_face_shape
70.57,57.01,77.09,-2.0607,3.8279,-0.7086,0.6163,2.027,-0.5128,1.2492,-0.6406,-1.0395,Square_face_shape
71.3,58.51,74.41,-2.609,2.5759,-1.0142,0.7324,1.8063,-0.6993,1.323,-0.9252,-1.2631,Square_face_shape
74.29,61.39,83.97,-8.4755,2.0641,-0.9326,0.7802,1.9295,-0.691,1.5055,-1.0403,-1.3333,Square_face_shape
72.19,59.46,89.38,-4.9698,2.715,-0.7994,0.7158,2.1777,-0.525,1.5588,-0.8184,-1.1433,Square_face_shape
69.57,57.74,68.54,-4.2605,2.578,-0.9129,0.7901,2.1833,-0.4666,1.7251,-0.8049,-1.0187,Square_face_shape
74.34,61.59,72.66,-2.4207,2.9876,-0.9408,0.6479,1.858,-0.6557,1.2038,-0.7894,-1.2183,Square_face_shape
74.07,59.79,83.05,-2.9389,3.2695,-0.7543,0.7163,2.0461,-0.5123,1.4656,-0.7508,-1.0482,Square_face_shape
65.62,51.74,73.89,-2.6556,3.1498,-0.8206,0.7051,2.0622,-0.5175,1.4541,-0.7525,-1.0672,Square_face_shape
75.58,64.6,75.65,-3.8679,2.958,-0.8588,0.6459,2.1329,-0.504,1.3776,-0.6944,-1.075,Square_face_shape
65.11,53.25,69.5,-3.1825,2.9506,-0.8113,0.7413,2.4049,-0.4021,1.7827,-0.7168,-0.967,Square_face_shape
69.43,57.46,69.74,-2.4142,3.6038,-0.7451,0.7292,2.5566,-0.3239,1.8642,-0.6038,-0.8281,Square_face_shape
75.95,60.77,74.68,-2.937,2.6213,-1.0287,0.7498,1.7437,-0.7379,1.3074,-0.9646,-1.2866,Square_face_shape
74.8,59.72,81.48,-2.482,2.8021,-0.9543,0.8146,1.7639,-0.6374,1.4368,-0.9158,-1.1242,Square_face_shape
71.04,59.21,76.44,-2.9644,2.6846,-0.9539,0.6362,1.7016,-0.8471,1.0826,-0.9171,-1.4415,Square_face_shape
71.57,55.56,87.0,-2.358,3.176,-0.7753,0.6727,1.8895,-0.6626,1.271,-0.8421,-1.2519,Square_face_shape
70.13,55.68,89.42,-3.2662,2.1359,-1.087,0.8241,1.5457,-0.9939,1.2739,-1.2661,-1.5363,Square_face_shape
81.47,67.67,87.85,-4.0271,2.1847,-1.078,0.6968,1.6674,-0.9991,1.1619,-1.1609,-1.666,Square_face_shape
68.93,57.95,72.8,-3.6593,2.7816,-0.8591,0.6987,2.2574,-0.4896,1.5773,-0.7723,-1.1052,Square_face_shape
70.88,59.29,80.81,-2.1464,3.2779,-0.81,0.6472,2.1209,-0.527,1.3726,-0.7234,-1.1177,Square_face_shape
70.38,55.46,78.88,-1.96,3.2611,-0.8867,0.6429,1.7274,-0.7662,1.1105,-0.8509,-1.3236,Square_face_shape
60.84,49.1,71.57,-2.7266,3.8202,-0.6465,0.6082,2.5869,-0.3651,1.5734,-0.5745,-0.9445,Square_face_shape
71.71,58.28,70.67,-2.7184,2.8796,-0.9082,0.8093,2.3385,-0.3929,1.8926,-0.7435,-0.9187,Square_face_shape
71.08,57.83,70.66,-2.2768,2.8973,-0.9594,0.7655,2.0868,-0.492,1.5974,-0.7859,-1.0267,Square_face_shape
74.67,64.7,69.91,-2.2414,3.8314,-0.7273,0.5585,2.8208,-0.3419,1.5755,-0.5387,-0.9644,Square_face_shape
72.27,60.83,70.91,-2.7433,2.202,-1.2197,0.8804,1.916,-0.5706,1.6868,-0.9625,-1.0933,Square_face_shape
68.45,53.41,67.27,-1.7643,3.648,-0.8036,0.6511,2.4034,-0.4281,1.5649,-0.67,-1.0289,Square_face_shape
70.96,55.79,65.66,-1.94,3.7186,-0.7554,0.6944,2.4982,-0.3694,1.7347,-0.6408,-0.9228,Square_face_shape
73.95,58.34,94.47,-3.072,3.5699,-0.6457,0.6227,1.7326,-0.7172,1.0788,-0.7738,-1.2427,Square_face_shape
68.52,54.61,70.7,-2.6298,2.9841,-0.8786,0.667,2.1333,-0.5598,1.4228,-0.7965,-1.1942,Square_face_shape
69.77,58.58,68.72,-2.0009,3.6428,-0.8256,0.5693,1.9687,-0.5896,1.1208,-0.6608,-1.1607,Square_face_shape
70.59,56.76,88.45,-2.8482,2.8157,-0.8509,0.6445,1.6711,-0.9051,1.077,-0.9748,-1.5124,Square_face_shape
75.27,60.27,75.31,-3.0577,2.9402,-0.8659,0.7641,2.1164,-0.4966,1.6172,-0.8031,-1.051,Square_face_shape
68.49,57.06,68.15,-3.0229,2.55,-1.019,0.8863,2.2954,-0.388,2.0345,-0.7894,-0.8906,Square_face_shape
73.77,61.69,73.39,-2.9017,2.6739,-0.9804,0.6867,1.7718,-0.7459,1.2167,-0.9076,-1.3216,Square_face_shape
68.02,53.34,68.59,-2.5797,3.3779,-0.7685,0.668,2.2654,-0.4615,1.5132,-0.6983,-1.0455,Square_face_shape
76.87,61.13,79.79,-1.6841,4.4245,-0.6593,0.6126,2.2996,-0.4111,1.4086,-0.5792,-0.9455,Square_face_shape
65.38,51.06,71.66,-1.6264,4.3534,-0.6875,0.5101,1.972,-0.5775,1.006,-0.5809,-1.1388,Square_face_shape
72.21,56.69,72.02,-5.2671,1.9416,-1.0831,0.9251,1.974,-0.5905,1.8263,-1.0784,-1.1657,Square_face_shape
68.09,54.63,73.23,-2.5463,2.9281,-0.9195,0.7954,2.2151,-0.4417,1.7619,-0.7782,-0.9784,Square_face_shape
66.43,52.85,64.1,-2.3635,3.1842,-0.8133,0.8017,2.4957,-0.3385,2.0008,-0.6772,-0.8447,Square_face_shape
70.61,58.52,81.9,-3.2808,2.8176,-0.8363,0.7302,1.924,-0.5736,1.405,-0.8059,-1.1035,Square_face_shape
72.17,56.13,88.43,-4.3714,2.7361,-0.7865,0.7421,1.825,-0.6967,1.3544,-0.9437,-1.2716,Square_face_shape
66.29,53.6,61.5,-2.3586,3.1108,-0.9088,0.6977,2.1803,-0.4811,1.5212,-0.7319,-1.0491,Square_face_shape
71.68,60.05,78.4,-1.9519,3.7049,-0.7862,0.653,2.0071,-0.4865,1.3106,-0.6376,-0.9764,Square_face_shape
73.0,60.45,79.93,-1.8583,3.8403,-0.789,0.597,1.6833,-0.6788,1.0049,-0.6821,-1.1426,Square_face_shape
77.05,63.82,80.28,-2.0558,3.6044,-0.7891,0.6367,1.8753,-0.5891,1.1939,-0.7033,-1.1047,Square_face_shape
71.88,60.73,78.87,-3.0384,2.6357,-0.9279,0.744,2.0192,-0.5204,1.5023,-0.7818,-1.0508,Square_face_shape
62.96,48.72,62.68,-1.4891,4.7014,-0.6683,0.6674,6.057,-0.1185,4.0425,-0.4789,-0.7176,Square_face_shape
67.75,54.25,79.57,-2.9729,3.1274,-0.7701,0.6899,1.9278,-0.5986,1.3301,-0.7962,-1.1541,Square_face_shape
68.27,52.81,86.29,-1.7002,3.4365,-0.8715,0.6612,1.7077,-0.7987,1.1291,-0.9018,-1.3639,Square_face_shape
64.2,51.67,64.37,-2.8953,3.3025,-0.7876,0.724,2.4447,-0.3657,1.7701,-0.6473,-0.894,Square_face_shape
74.1,60.69,78.15,-2.3472,3.0623,-0.8857,0.6563,1.7878,-0.7182,1.1733,-0.8426,-1.2839,Square_face_shape
70.48,57.57,74.66,-2.4081,2.9736,-0.8971,0.6508,1.945,-0.6382,1.2657,-0.8078,-1.2413,Square_face_shape
73.66,60.43,70.41,-2.6129,3.0327,-0.9291,0.7944,2.2525,-0.3968,1.7894,-0.7101,-0.8939,Square_face_shape
72.31,61.33,69.13,-2.6428,2.8774,-0.9762,0.6981,2.2395,-0.4572,1.5634,-0.7148,-1.024,Square_face_shape
73.11,58.22,79.33,-1.9109,4.2451,-0.6425,0.6014,2.1263,-0.4697,1.2787,-0.6005,-0.9986,Square_face_shape
72.77,57.6,85.05,-2.3297,3.5012,-0.708,0.6062,1.86,-0.7062,1.1275,-0.7962,-1.3136,Square_face_shape
65.9,52.64,82.0,-1.3118,4.8154,-0.6087,0.5716,2.1121,-0.4495,1.2073,-0.5426,-0.9493,Square_face_shape
67.63,55.58,70.7,-4.1431,2.8031,-0.8058,0.8254,2.9311,-0.297,2.4195,-0.7186,-0.8706,Square_face_shape
70.11,58.74,79.02,-3.0345,2.4826,-0.9574,0.7526,1.8258,-0.6622,1.3741,-0.9099,-1.209,Square_face_shape
69.43,57.76,75.12,-3.0492,2.5262,-0.9791,0.7886,1.9834,-0.5437,1.5642,-0.8505,-1.0784,Square_face_shape
74.97,64.71,87.22,-2.0346,3.1337,-0.8762,0.6091,1.7493,-0.7574,1.0656,-0.807,-1.3249,Square_face_shape
76.09,61.16,63.84,-2.0324,2.853,-1.0405,0.8177,2.3215,-0.4137,1.8983,-0.7852,-0.9603,Square_face_shape
71.92,57.62,75.68,-1.6816,3.9671,-0.7215,0.6608,2.1244,-0.4729,1.4038,-0.6638,-1.0045,Square_face_shape
69.61,53.64,83.49,-1.5311,3.2475,-0.9603,0.7502,1.9205,-0.6392,1.4407,-0.9209,-1.2276,Square_face_shape
68.41,55.28,93.7,-1.5985,2.8935,-1.0676,0.735,1.6042,-0.8274,1.1791,-0.9755,-1.3273,Square_face_shape
70.64,58.16,85.26,-1.5393,3.0635,-1.0045,0.6803,1.7059,-0.7796,1.1605,-0.9047,-1.3299,Square_face_shape
72.07,59.16,80.7,-1.4732,3.0637,-1.0786,0.6799,1.8143,-0.7145,1.2336,-0.8814,-1.2964,Square_face_shape
67.47,54.79,89.58,-1.3949,3.4181,-0.8403,0.6857,1.7365,-0.6948,1.1907,-0.8272,-1.2064,Square_face_shape
72.47,59.3,88.47,-1.622,3.0447,-1.0189,0.693,1.5871,-0.9121,1.0999,-1.0032,-1.4476,Square_face_shape
64.44,51.34,73.71,-1.6092,3.1349,-0.9482,0.754,2.4235,-0.4243,1.8273,-0.7753,-1.0282,Square_face_shape
70.49,55.2,75.63,-2.0593,2.75,-0.9776,0.7872,1.7773,-0.6882,1.399,-0.9628,-1.2231,Square_face_shape
70.35,56.31,80.74,-2.299,2.7043,-0.937,0.7502,1.8674,-0.6252,1.4009,-0.8758,-1.1674,Square_face_shape
